{
  "title": "JSON schema for Release Drafter yaml files",
  "id": "https://github.com/release-drafter/release-drafter/blob/master/schema.json",
  "$schema": "http://json-schema.org/draft-04/schema#",
  "type": "object",
  "properties": {
    "references": {
      "default": ["master"],
      "type": "array",
      "items": {
        "type": "string"
      }
    },
    "change-template": {
      "default": "'* $TITLE (#$NUMBER) @$AUTHOR'",
      "type": "string"
    },
    "change-title-escapes": {
      "anyOf": [
        {
          "type": "string",
          "enum": [""]
        },
        {
          "default": "",
          "type": "string"
        }
      ]
    },
    "no-changes-template": {
      "default": "'* No changes'",
      "type": "string"
    },
    "version-template": {
      "default": "$MAJOR.$MINOR.$PATCH$PRERELEASE",
      "type": "string"
    },
    "name-template": {
      "anyOf": [
        {
          "type": "string",
          "enum": [""]
        },
        {
          "default": "",
          "type": "string"
        }
      ]
    },
    "tag-prefix": {
      "anyOf": [
        {
          "type": "string",
          "enum": [""]
        },
        {
          "default": "",
          "type": "string"
        }
      ]
    },
    "tag-template": {
      "anyOf": [
        {
          "type": "string",
          "enum": [""]
        },
        {
          "default": "",
          "type": "string"
        }
      ]
    },
    "exclude-labels": {
      "default": [],
      "type": "array",
      "items": {
        "type": "string"
      }
    },
    "include-labels": {
      "default": [],
      "type": "array",
      "items": {
        "type": "string"
      }
    },
    "include-paths": {
      "default": [],
      "type": "array",
      "items": {
        "type": "string"
      }
    },
    "exclude-contributors": {
      "default": [],
      "type": "array",
      "items": {
        "type": "string"
      }
    },
    "no-contributors-template": {
      "default": "No contributors",
      "type": "string"
    },
    "sort-by": {
      "default": "merged_at",
      "enum": ["merged_at", "title"],
      "type": "string"
    },
    "sort-direction": {
      "default": "descending",
      "enum": ["ascending", "descending"],
      "type": "string"
    },
    "prerelease": {
      "default": false,
      "type": "boolean"
    },
    "latest": {
      "anyOf": [
        {
          "type": "string",
          "enum": ["", "true", "false", "legacy"]
        },
        {
          "default": "true",
          "type": "string"
        }
      ]
    },
    "filter-by-commitish": {
      "default": false,
      "type": "boolean"
    },
    "include-pre-releases": {
      "default": false,
      "type": "boolean"
    },
    "prerelease-identifier": {
      "anyOf": [
        {
          "type": "string",
          "enum": [""]
        },
        {
          "default": "",
          "type": "string"
        }
      ]
    },
    "commitish": {
      "anyOf": [
        {
          "type": "string",
          "enum": [""]
        },
        {
          "default": "",
          "type": "string"
        }
      ]
    },
    "replacers": {
      "default": [],
      "type": "array",
      "items": {
        "type": "object",
        "properties": {
          "search": {
            "type": "string"
          },
          "replace": {
            "anyOf": [
              {
                "type": "string",
                "enum": [""]
              },
              {
                "type": "string"
              }
            ]
          }
        },
        "additionalProperties": false,
        "patterns": [],
        "required": ["search", "replace"]
      }
    },
    "autolabeler": {
      "default": [],
      "type": "array",
      "items": {
        "type": "object",
        "properties": {
          "label": {
            "type": "string"
          },
          "files": {
            "default": [],
            "type": "array",
            "items": {
              "type": "string"
            }
          },
          "branch": {
            "default": [],
            "type": "array",
            "items": {
              "type": "string"
            }
          },
          "title": {
            "default": [],
            "type": "array",
            "items": {
              "type": "string"
            }
          },
          "body": {
            "default": [],
            "type": "array",
            "items": {
              "type": "string"
            }
          }
        },
        "additionalProperties": false,
        "patterns": [],
        "required": ["label"]
      }
    },
    "categories": {
      "default": [],
      "type": "array",
      "items": {
        "type": "object",
        "properties": {
          "title": {
            "type": "string"
          },
          "collapse-after": {
            "default": 0,
            "type": "integer",
            "minimum": 0
          },
          "label": {
            "type": "string"
          },
          "labels": {
            "default": [],
            "type": "array",
            "items": {
              "type": "string"
            }
          }
        },
        "additionalProperties": false,
        "patterns": [],
        "required": ["title"]
      }
    },
    "version-resolver": {
      "default": {
        "major": {
          "labels": []
        },
        "minor": {
          "labels": []
        },
        "patch": {
          "labels": []
        },
        "default": "patch"
      },
      "type": "object",
      "properties": {
        "major": {
          "type": "object",
          "properties": {
            "labels": {
              "default": [],
              "type": "array",
              "items": {
                "type": "string"
              }
            }
          },
          "additionalProperties": false,
          "patterns": []
        },
        "minor": {
          "type": "object",
          "properties": {
            "labels": {
              "default": [],
              "type": "array",
              "items": {
                "type": "string"
              }
            }
          },
          "additionalProperties": false,
          "patterns": []
        },
        "patch": {
          "type": "object",
          "properties": {
            "labels": {
              "default": [],
              "type": "array",
              "items": {
                "type": "string"
              }
            }
          },
          "additionalProperties": false,
          "patterns": []
        },
        "default": {
          "default": "patch",
          "enum": ["major", "minor", "patch"],
          "type": "string"
        }
      },
      "additionalProperties": false,
      "patterns": []
    },
    "category-template": {
      "anyOf": [
        {
          "type": "string",
          "enum": [""]
        },
        {
          "default": "## $TITLE",
          "type": "string"
        }
      ]
    },
    "header": {
      "anyOf": [
        {
          "type": "string",
          "enum": [""]
        },
        {
          "default": "",
          "type": "string"
        }
      ]
    },
    "template": {
      "type": "string"
    },
    "footer": {
      "anyOf": [
        {
          "type": "string",
          "enum": [""]
        },
        {
          "default": "",
          "type": "string"
        }
      ]
    },
    "_extends": {
      "type": "string"
    }
  },
  "additionalProperties": false,
  "patterns": []
}
