{
	"name": "Go",
	"dockerFile": "Dockerfile",
	"runArgs": [ "--cap-add=SYS_PTRACE", "--security-opt", "seccomp=unconfined" ],

	// Set *default* container specific settings.json values on container create.
	"settings": { 
		"go.gopath": "/go",
		"workbench.colorTheme": "Default Dark+",
		"files.autoSave": "afterDelay",
		"files.autoSaveDelay": 500
	},
	
	// Add the IDs of extensions you want installed when the container is created.
	"extensions": [
		"golang.Go",
		"timonwong.shellcheck",
		"github.vscode-github-actions"
	],

	// Use 'forwardPorts' to make a list of ports inside the container available locally.
	// "forwardPorts": [],

	// Use 'postCreateCommand' to run commands after the container is created.
	"postCreateCommand": "go version"

	// Uncomment to connect as a non-root user. See https://aka.ms/vscode-remote/containers/non-root.
	// "remoteUser": "vscode"
}
